<?xml version="1.0" encoding="UTF-8"?>
<project-private xmlns="http://www.netbeans.org/ns/project-private/1">
    <editor-bookmarks xmlns="http://www.netbeans.org/ns/editor-bookmarks/2" lastBookmarkId="0"/>
    <open-files xmlns="http://www.netbeans.org/ns/projectui-open-files/2">
        <group>
            <file>file:/C:/Users/PC/Documents/NetBeansProjects/JavaApplication2/src/GUI/MyTabbedPane.java</file>
            <file>file:/C:/Users/PC/Documents/NetBeansProjects/JavaApplication2/src/GUI/CaiDatGUI.java</file>
            <file>file:/C:/Users/PC/Documents/NetBeansProjects/JavaApplication2/src/GUI/NhanVienGUI.java</file>
            <file>file:/C:/Users/PC/Documents/NetBeansProjects/JavaApplication2/src/GUI/Main.java</file>
            <file>file:/C:/Users/PC/Documents/NetBeansProjects/JavaApplication2/src/GUI/KhachHangGUI.java</file>
            <file>file:/C:/Users/PC/Documents/NetBeansProjects/JavaApplication2/src/DAO/NhanVienDAO.java</file>
            <file>file:/C:/Users/PC/Documents/NetBeansProjects/JavaApplication2/src/GUI/NhanVien1.java</file>
            <file>file:/C:/Users/PC/Documents/NetBeansProjects/JavaApplication2/src/BUS/NhanVienBUS.java</file>
            <file>file:/C:/Users/PC/Documents/NetBeansProjects/JavaApplication2/src/DTO/CaiDatDTO.java</file>
            <file>file:/C:/Users/PC/Documents/NetBeansProjects/JavaApplication2/src/DTO/NhanVienDTO.java</file>
            <file>file:/C:/Users/PC/Documents/NetBeansProjects/JavaApplication2/src/GUI/MyTabbedControl.java</file>
        </group>
    </open-files>
</project-private>
